aqm,qmult,min_delay,bandwidth,protocol,run,flow,goodput_mean,goodput_std,delay_mean,delay_std,retr_mean,retr_std,util_mean,util_std
fifo,0.2,5,100,bbr1,1,0,47.45675079867857,27.063492319951923,10.640575757575757,0.6581320054131733,15.7797,85.13340260616292,95.23270833333335,1.8001873532319592
fifo,0.2,5,100,bbr1,1,1,31.74005305813746,8.56569984289378,10.702060606060606,0.6725750063350315,10.771881188118812,44.59547871057942,95.23270833333335,1.8001873532319592
fifo,0.2,5,100,bbr1,1,2,33.20130146235973,9.855898821976266,10.684070707070704,0.6808199626039965,8.494653465346534,23.974905362247274,95.23270833333335,1.8001873532319592
fifo,0.2,5,100,bbr1,1,3,46.95663605860652,26.6025558837708,10.519040404040403,0.625211913775134,6.5396,2.4351068339868154,95.23270833333335,1.8001873532319592
